680	HL Road Frame - Black, 58	FR-R92B-58	1059.31	1431.50	58	2.24	18	HL Road Frame	2009-06-01 00:00:00.000	\N	\N
706	HL Road Frame - Red, 58	FR-R92R-58	1059.31	1431.50	58	2.24	18	HL Road Frame	2009-06-01 00:00:00.000	\N	\N
707	Sport-100 Helmet, Red	HL-U509-R	13.0863	34.99	\N	\N	35	Sport-100	2012-07-01 00:00:00.000	\N	\N
708	Sport-100 Helmet, Black	HL-U509	13.0863	34.99	\N	\N	35	Sport-100	2012-07-01 00:00:00.000	\N	\N
709	Mountain Bike Socks, M	SO-B909-M	3.3963	9.50	M	\N	27	Mountain Bike Socks	2012-07-01 00:00:00.000	2013-06-30 00:00:00.000	\N
710	Mountain Bike Socks, L	SO-B909-L	3.3963	9.50	L	\N	27	Mountain Bike Socks	2012-07-01 00:00:00.000	2013-06-30 00:00:00.000	\N
711	Sport-100 Helmet, Blue	HL-U509-B	13.0863	34.99	\N	\N	35	Sport-100	2012-07-01 00:00:00.000	\N	\N
712	AWC Logo Cap	CA-1098	6.9223	8.99	\N	\N	23	Cycling Cap	2012-07-01 00:00:00.000	\N	\N
713	Long-Sleeve Logo Jersey, S	LJ-0192-S	38.4923	49.99	S	\N	25	Long-Sleeve Logo Jersey	2012-07-01 00:00:00.000	\N	\N
714	Long-Sleeve Logo Jersey, M	LJ-0192-M	38.4923	49.99	M	\N	25	Long-Sleeve Logo Jersey	2012-07-01 00:00:00.000	\N	\N
715	Long-Sleeve Logo Jersey, L	LJ-0192-L	38.4923	49.99	L	\N	25	Long-Sleeve Logo Jersey	2012-07-01 00:00:00.000	\N	\N
716	Long-Sleeve Logo Jersey, XL	LJ-0192-X	38.4923	49.99	XL	\N	25	Long-Sleeve Logo Jersey	2012-07-01 00:00:00.000	\N	\N
717	HL Road Frame - Red, 62	FR-R92R-62	868.6342	1431.50	62	2.30	18	HL Road Frame	2012-07-01 00:00:00.000	\N	\N
718	HL Road Frame - Red, 44	FR-R92R-44	868.6342	1431.50	44	2.12	18	HL Road Frame	2012-07-01 00:00:00.000	\N	\N
719	HL Road Frame - Red, 48	FR-R92R-48	868.6342	1431.50	48	2.16	18	HL Road Frame	2012-07-01 00:00:00.000	\N	\N
720	HL Road Frame - Red, 52	FR-R92R-52	868.6342	1431.50	52	2.20	18	HL Road Frame	2012-07-01 00:00:00.000	\N	\N
721	HL Road Frame - Red, 56	FR-R92R-56	868.6342	1431.50	56	2.24	18	HL Road Frame	2012-07-01 00:00:00.000	\N	\N
722	LL Road Frame - Black, 58	FR-R38B-58	204.6251	337.22	58	2.46	18	LL Road Frame	2012-07-01 00:00:00.000	\N	\N
723	LL Road Frame - Black, 60	FR-R38B-60	204.6251	337.22	60	2.48	18	LL Road Frame	2012-07-01 00:00:00.000	\N	\N
724	LL Road Frame - Black, 62	FR-R38B-62	204.6251	337.22	62	2.50	18	LL Road Frame	2012-07-01 00:00:00.000	\N	\N
725	LL Road Frame - Red, 44	FR-R38R-44	187.1571	337.22	44	2.32	18	LL Road Frame	2012-07-01 00:00:00.000	2014-06-30 00:00:00.000	\N
726	LL Road Frame - Red, 48	FR-R38R-48	187.1571	337.22	48	2.36	18	LL Road Frame	2012-07-01 00:00:00.000	2014-06-30 00:00:00.000	\N
727	LL Road Frame - Red, 52	FR-R38R-52	187.1571	337.22	52	2.40	18	LL Road Frame	2012-07-01 00:00:00.000	2014-06-30 00:00:00.000	\N
728	LL Road Frame - Red, 58	FR-R38R-58	187.1571	337.22	58	2.46	18	LL Road Frame	2012-07-01 00:00:00.000	2014-06-30 00:00:00.000	\N
729	LL Road Frame - Red, 60	FR-R38R-60	187.1571	337.22	60	2.48	18	LL Road Frame	2012-07-01 00:00:00.000	2014-06-30 00:00:00.000	\N
730	LL Road Frame - Red, 62	FR-R38R-62	187.1571	337.22	62	2.50	18	LL Road Frame	2012-07-01 00:00:00.000	2014-06-30 00:00:00.000	\N
731	ML Road Frame - Red, 44	FR-R72R-44	352.1394	594.83	44	2.22	18	ML Road Frame	2012-07-01 00:00:00.000	2013-06-30 00:00:00.000	\N
732	ML Road Frame - Red, 48	FR-R72R-48	352.1394	594.83	48	2.26	18	ML Road Frame	2012-07-01 00:00:00.000	2013-06-30 00:00:00.000	\N
733	ML Road Frame - Red, 52	FR-R72R-52	352.1394	594.83	52	2.30	18	ML Road Frame	2012-07-01 00:00:00.000	2013-06-30 00:00:00.000	\N
734	ML Road Frame - Red, 58	FR-R72R-58	352.1394	594.83	58	2.36	18	ML Road Frame	2012-07-01 00:00:00.000	2013-06-30 00:00:00.000	\N
735	ML Road Frame - Red, 60	FR-R72R-60	352.1394	594.83	60	2.38	18	ML Road Frame	2012-07-01 00:00:00.000	2013-06-30 00:00:00.000	\N
736	LL Road Frame - Black, 44	FR-R38B-44	204.6251	337.22	44	2.32	18	LL Road Frame	2012-07-01 00:00:00.000	\N	\N
737	LL Road Frame - Black, 48	FR-R38B-48	204.6251	337.22	48	2.36	18	LL Road Frame	2012-07-01 00:00:00.000	\N	\N
738	LL Road Frame - Black, 52	FR-R38B-52	204.6251	337.22	52	2.40	18	LL Road Frame	2012-07-01 00:00:00.000	\N	\N
739	HL Mountain Frame - Silver, 42	FR-M94S-42	747.2002	1364.50	42	2.72	16	HL Mountain Frame	2012-07-01 00:00:00.000	\N	\N
740	HL Mountain Frame - Silver, 44	FR-M94S-44	706.811	1364.50	44	2.76	16	HL Mountain Frame	2012-07-01 00:00:00.000	2013-06-30 00:00:00.000	\N
741	HL Mountain Frame - Silver, 48	FR-M94S-52	706.811	1364.50	48	2.80	16	HL Mountain Frame	2012-07-01 00:00:00.000	2013-06-30 00:00:00.000	\N
742	HL Mountain Frame - Silver, 46	FR-M94S-46	747.2002	1364.50	46	2.84	16	HL Mountain Frame	2012-07-01 00:00:00.000	\N	\N
743	HL Mountain Frame - Black, 42	FR-M94B-42	739.041	1349.60	42	2.72	16	HL Mountain Frame	2012-07-01 00:00:00.000	\N	\N
744	HL Mountain Frame - Black, 44	FR-M94B-44	699.0928	1349.60	44	2.76	16	HL Mountain Frame	2012-07-01 00:00:00.000	2013-06-30 00:00:00.000	\N
745	HL Mountain Frame - Black, 48	FR-M94B-48	699.0928	1349.60	48	2.80	16	HL Mountain Frame	2012-07-01 00:00:00.000	2013-06-30 00:00:00.000	\N
746	HL Mountain Frame - Black, 46	FR-M94B-46	739.041	1349.60	46	2.84	16	HL Mountain Frame	2012-07-01 00:00:00.000	\N	\N
747	HL Mountain Frame - Black, 38	FR-M94B-38	739.041	1349.60	38	2.68	16	HL Mountain Frame	2012-07-01 00:00:00.000	\N	\N
748	HL Mountain Frame - Silver, 38	FR-M94S-38	747.2002	1364.50	38	2.68	16	HL Mountain Frame	2012-07-01 00:00:00.000	\N	\N
749	Road-150 Red, 62	BK-R93R-62	2171.2942	3578.27	62	15.00	6	Road-150	2012-07-01 00:00:00.000	2013-06-30 00:00:00.000	\N
750	Road-150 Red, 44	BK-R93R-44	2171.2942	3578.27	44	13.77	6	Road-150	2012-07-01 00:00:00.000	2013-06-30 00:00:00.000	\N
751	Road-150 Red, 48	BK-R93R-48	2171.2942	3578.27	48	14.13	6	Road-150	2012-07-01 00:00:00.000	2013-06-30 00:00:00.000	\N
752	Road-150 Red, 52	BK-R93R-52	2171.2942	3578.27	52	14.42	6	Road-150	2012-07-01 00:00:00.000	2013-06-30 00:00:00.000	\N
753	Road-150 Red, 56	BK-R93R-56	2171.2942	3578.27	56	14.68	6	Road-150	2012-07-01 00:00:00.000	2013-06-30 00:00:00.000	\N
754	Road-450 Red, 58	BK-R68R-58	884.7083	1457.99	58	17.79	6	Road-450	2012-07-01 00:00:00.000	2013-06-30 00:00:00.000	\N
755	Road-450 Red, 60	BK-R68R-60	884.7083	1457.99	60	17.90	6	Road-450	2012-07-01 00:00:00.000	2013-06-30 00:00:00.000	\N
756	Road-450 Red, 44	BK-R68R-44	884.7083	1457.99	44	16.77	6	Road-450	2012-07-01 00:00:00.000	2013-06-30 00:00:00.000	\N
757	Road-450 Red, 48	BK-R68R-48	884.7083	1457.99	48	17.13	6	Road-450	2012-07-01 00:00:00.000	2013-06-30 00:00:00.000	\N
758	Road-450 Red, 52	BK-R68R-52	884.7083	1457.99	52	17.42	6	Road-450	2012-07-01 00:00:00.000	2013-06-30 00:00:00.000	\N
759	Road-650 Red, 58	BK-R50R-58	486.7066	782.99	58	19.79	6	Road-650	2012-07-01 00:00:00.000	2014-06-30 00:00:00.000	\N
760	Road-650 Red, 60	BK-R50R-60	486.7066	782.99	60	19.90	6	Road-650	2012-07-01 00:00:00.000	2014-06-30 00:00:00.000	\N
761	Road-650 Red, 62	BK-R50R-62	486.7066	782.99	62	20.00	6	Road-650	2012-07-01 00:00:00.000	2014-06-30 00:00:00.000	\N
762	Road-650 Red, 44	BK-R50R-44	486.7066	782.99	44	18.77	6	Road-650	2012-07-01 00:00:00.000	2014-06-30 00:00:00.000	\N
763	Road-650 Red, 48	BK-R50R-48	486.7066	782.99	48	19.13	6	Road-650	2012-07-01 00:00:00.000	2014-06-30 00:00:00.000	\N
764	Road-650 Red, 52	BK-R50R-52	486.7066	782.99	52	19.42	6	Road-650	2012-07-01 00:00:00.000	2014-06-30 00:00:00.000	\N
765	Road-650 Black, 58	BK-R50B-58	486.7066	782.99	58	19.79	6	Road-650	2012-07-01 00:00:00.000	2014-06-30 00:00:00.000	\N
766	Road-650 Black, 60	BK-R50B-60	486.7066	782.99	60	19.90	6	Road-650	2012-07-01 00:00:00.000	2014-06-30 00:00:00.000	\N
767	Road-650 Black, 62	BK-R50B-62	486.7066	782.99	62	20.00	6	Road-650	2012-07-01 00:00:00.000	2014-06-30 00:00:00.000	\N
768	Road-650 Black, 44	BK-R50B-44	486.7066	782.99	44	18.77	6	Road-650	2012-07-01 00:00:00.000	2014-06-30 00:00:00.000	\N
769	Road-650 Black, 48	BK-R50B-48	486.7066	782.99	48	19.13	6	Road-650	2012-07-01 00:00:00.000	2014-06-30 00:00:00.000	\N
770	Road-650 Black, 52	BK-R50B-52	486.7066	782.99	52	19.42	6	Road-650	2012-07-01 00:00:00.000	2014-06-30 00:00:00.000	\N
771	Mountain-100 Silver, 38	BK-M82S-38	1912.1544	3399.99	38	20.35	5	Mountain-100	2012-07-01 00:00:00.000	2013-06-30 00:00:00.000	\N
772	Mountain-100 Silver, 42	BK-M82S-42	1912.1544	3399.99	42	20.77	5	Mountain-100	2012-07-01 00:00:00.000	2013-06-30 00:00:00.000	\N
773	Mountain-100 Silver, 44	BK-M82S-44	1912.1544	3399.99	44	21.13	5	Mountain-100	2012-07-01 00:00:00.000	2013-06-30 00:00:00.000	\N
774	Mountain-100 Silver, 48	BK-M82S-48	1912.1544	3399.99	48	21.42	5	Mountain-100	2012-07-01 00:00:00.000	2013-06-30 00:00:00.000	\N
775	Mountain-100 Black, 38	BK-M82B-38	1898.0944	3374.99	38	20.35	5	Mountain-100	2012-07-01 00:00:00.000	2013-06-30 00:00:00.000	\N
776	Mountain-100 Black, 42	BK-M82B-42	1898.0944	3374.99	42	20.77	5	Mountain-100	2012-07-01 00:00:00.000	2013-06-30 00:00:00.000	\N
777	Mountain-100 Black, 44	BK-M82B-44	1898.0944	3374.99	44	21.13	5	Mountain-100	2012-07-01 00:00:00.000	2013-06-30 00:00:00.000	\N
778	Mountain-100 Black, 48	BK-M82B-48	1898.0944	3374.99	48	21.42	5	Mountain-100	2012-07-01 00:00:00.000	2013-06-30 00:00:00.000	\N
779	Mountain-200 Silver, 38	BK-M68S-38	1265.6195	2319.99	38	23.35	5	Mountain-200	2013-07-01 00:00:00.000	\N	\N
780	Mountain-200 Silver, 42	BK-M68S-42	1265.6195	2319.99	42	23.77	5	Mountain-200	2013-07-01 00:00:00.000	\N	\N
781	Mountain-200 Silver, 46	BK-M68S-46	1265.6195	2319.99	46	24.13	5	Mountain-200	2013-07-01 00:00:00.000	\N	\N
782	Mountain-200 Black, 38	BK-M68B-38	1251.9813	2294.99	38	23.35	5	Mountain-200	2013-07-01 00:00:00.000	\N	\N
783	Mountain-200 Black, 42	BK-M68B-42	1251.9813	2294.99	42	23.77	5	Mountain-200	2013-07-01 00:00:00.000	\N	\N
784	Mountain-200 Black, 46	BK-M68B-46	1251.9813	2294.99	46	24.13	5	Mountain-200	2013-07-01 00:00:00.000	\N	\N
785	Mountain-300 Black, 38	BK-M47B-38	598.4354	1079.99	38	25.35	5	Mountain-300	2013-07-01 00:00:00.000	2014-06-30 00:00:00.000	\N
786	Mountain-300 Black, 40	BK-M47B-40	598.4354	1079.99	40	25.77	5	Mountain-300	2013-07-01 00:00:00.000	2014-06-30 00:00:00.000	\N
787	Mountain-300 Black, 44	BK-M47B-44	598.4354	1079.99	44	26.13	5	Mountain-300	2013-07-01 00:00:00.000	2014-06-30 00:00:00.000	\N
788	Mountain-300 Black, 48	BK-M47B-48	598.4354	1079.99	48	26.42	5	Mountain-300	2013-07-01 00:00:00.000	2014-06-30 00:00:00.000	\N
789	Road-250 Red, 44	BK-R89R-44	1518.7864	2443.35	44	14.77	6	Road-250	2013-07-01 00:00:00.000	2014-06-30 00:00:00.000	\N
790	Road-250 Red, 48	BK-R89R-48	1518.7864	2443.35	48	15.13	6	Road-250	2013-07-01 00:00:00.000	2014-06-30 00:00:00.000	\N
791	Road-250 Red, 52	BK-R89R-52	1518.7864	2443.35	52	15.42	6	Road-250	2013-07-01 00:00:00.000	2014-06-30 00:00:00.000	\N
792	Road-250 Red, 58	BK-R89R-58	1554.9479	2443.35	58	15.79	6	Road-250	2013-07-01 00:00:00.000	\N	\N
793	Road-250 Black, 44	BK-R89B-44	1554.9479	2443.35	44	14.77	6	Road-250	2013-07-01 00:00:00.000	\N	\N
794	Road-250 Black, 48	BK-R89B-48	1554.9479	2443.35	48	15.13	6	Road-250	2013-07-01 00:00:00.000	\N	\N
795	Road-250 Black, 52	BK-R89B-52	1554.9479	2443.35	52	15.42	6	Road-250	2013-07-01 00:00:00.000	\N	\N
796	Road-250 Black, 58	BK-R89B-58	1554.9479	2443.35	58	15.68	6	Road-250	2013-07-01 00:00:00.000	\N	\N
797	Road-550-W Yellow, 38	BK-R64Y-38	713.0798	1120.49	38	17.35	6	Road-550-W	2013-07-01 00:00:00.000	\N	\N
798	Road-550-W Yellow, 40	BK-R64Y-40	713.0798	1120.49	40	17.77	6	Road-550-W	2013-07-01 00:00:00.000	\N	\N
799	Road-550-W Yellow, 42	BK-R64Y-42	713.0798	1120.49	42	18.13	6	Road-550-W	2013-07-01 00:00:00.000	\N	\N
800	Road-550-W Yellow, 44	BK-R64Y-44	713.0798	1120.49	44	18.42	6	Road-550-W	2013-07-01 00:00:00.000	\N	\N
801	Road-550-W Yellow, 48	BK-R64Y-48	713.0798	1120.49	48	18.68	6	Road-550-W	2013-07-01 00:00:00.000	\N	\N
802	LL Fork	FK-1639	65.8097	148.22	\N	\N	14	LL Fork	2013-07-01 00:00:00.000	2014-06-30 00:00:00.000	\N
803	ML Fork	FK-5136	77.9176	175.49	\N	\N	14	ML Fork	2013-07-01 00:00:00.000	2014-06-30 00:00:00.000	\N
804	HL Fork	FK-9939	101.8936	229.49	\N	\N	14	HL Fork	2013-07-01 00:00:00.000	2014-06-30 00:00:00.000	\N
805	LL Headset	HS-0296	15.1848	34.20	\N	\N	15	LL Headset	2013-07-01 00:00:00.000	2014-06-30 00:00:00.000	\N
806	ML Headset	HS-2451	45.4168	102.29	\N	\N	15	ML Headset	2013-07-01 00:00:00.000	2014-06-30 00:00:00.000	\N
807	HL Headset	HS-3479	55.3801	124.73	\N	\N	15	HL Headset	2013-07-01 00:00:00.000	2014-06-30 00:00:00.000	\N
808	LL Mountain Handlebars	HB-M243	19.7758	44.54	\N	\N	8	LL Mountain Handlebars	2013-07-01 00:00:00.000	\N	\N
809	ML Mountain Handlebars	HB-M763	27.4925	61.92	\N	\N	8	ML Mountain Handlebars	2013-07-01 00:00:00.000	\N	\N
810	HL Mountain Handlebars	HB-M918	53.3999	120.27	\N	\N	8	HL Mountain Handlebars	2013-07-01 00:00:00.000	\N	\N
811	LL Road Handlebars	HB-R504	19.7758	44.54	\N	\N	8	LL Road Handlebars	2013-07-01 00:00:00.000	\N	\N
812	ML Road Handlebars	HB-R720	27.4925	61.92	\N	\N	8	ML Road Handlebars	2013-07-01 00:00:00.000	\N	\N
813	HL Road Handlebars	HB-R956	53.3999	120.27	\N	\N	8	HL Road Handlebars	2013-07-01 00:00:00.000	\N	\N
814	ML Mountain Frame - Black, 38	FR-M63B-38	185.8193	348.76	38	2.73	16	ML Mountain Frame-W	2013-07-01 00:00:00.000	2014-06-30 00:00:00.000	\N
815	LL Mountain Front Wheel	FW-M423	26.9708	60.745	\N	\N	21	LL Mountain Front Wheel	2013-07-01 00:00:00.000	2014-06-30 00:00:00.000	\N
816	ML Mountain Front Wheel	FW-M762	92.8071	209.025	\N	\N	21	ML Mountain Front Wheel	2013-07-01 00:00:00.000	2014-06-30 00:00:00.000	\N
817	HL Mountain Front Wheel	FW-M928	133.2955	300.215	\N	\N	21	HL Mountain Front Wheel	2013-07-01 00:00:00.000	2014-06-30 00:00:00.000	\N
818	LL Road Front Wheel	FW-R623	37.9909	85.565	\N	900.00	21	LL Road Front Wheel	2013-07-01 00:00:00.000	2014-06-30 00:00:00.000	\N
819	ML Road Front Wheel	FW-R762	110.2829	248.385	\N	850.00	21	ML Road Front Wheel	2013-07-01 00:00:00.000	2014-06-30 00:00:00.000	\N
820	HL Road Front Wheel	FW-R820	146.5466	330.06	\N	650.00	21	HL Road Front Wheel	2013-07-01 00:00:00.000	2014-06-30 00:00:00.000	\N
821	Touring Front Wheel	FW-T905	96.7964	218.01	\N	\N	21	Touring Front Wheel	2013-07-01 00:00:00.000	2014-06-30 00:00:00.000	\N
822	ML Road Frame-W - Yellow, 38	FR-R72Y-38	360.9428	594.83	38	2.18	18	ML Road Frame-W	2013-07-01 00:00:00.000	\N	\N
823	LL Mountain Rear Wheel	RW-M423	38.9588	87.745	\N	\N	21	LL Mountain Rear Wheel	2013-07-01 00:00:00.000	2014-06-30 00:00:00.000	\N
824	ML Mountain Rear Wheel	RW-M762	104.7951	236.025	\N	\N	21	ML Mountain Rear Wheel	2013-07-01 00:00:00.000	2014-06-30 00:00:00.000	\N
825	HL Mountain Rear Wheel	RW-M928	145.2835	327.215	\N	\N	21	HL Mountain Rear Wheel	2013-07-01 00:00:00.000	2014-06-30 00:00:00.000	\N
826	LL Road Rear Wheel	RW-R623	49.9789	112.565	\N	1050.00	21	LL Road Rear Wheel	2013-07-01 00:00:00.000	2014-06-30 00:00:00.000	\N
827	ML Road Rear Wheel	RW-R762	122.2709	275.385	\N	1000.00	21	ML Road Rear Wheel	2013-07-01 00:00:00.000	2014-06-30 00:00:00.000	\N
828	HL Road Rear Wheel	RW-R820	158.5346	357.06	\N	890.00	21	HL Road Rear Wheel	2013-07-01 00:00:00.000	2014-06-30 00:00:00.000	\N
829	Touring Rear Wheel	RW-T905	108.7844	245.01	\N	\N	21	Touring Rear Wheel	2013-07-01 00:00:00.000	2014-06-30 00:00:00.000	\N
830	ML Mountain Frame - Black, 40	FR-M63B-40	185.8193	348.76	40	2.77	16	ML Mountain Frame	2013-07-01 00:00:00.000	2014-06-30 00:00:00.000	\N
831	ML Mountain Frame - Black, 44	FR-M63B-44	185.8193	348.76	44	2.81	16	ML Mountain Frame	2013-07-01 00:00:00.000	2014-06-30 00:00:00.000	\N
832	ML Mountain Frame - Black, 48	FR-M63B-48	185.8193	348.76	48	2.85	16	ML Mountain Frame	2013-07-01 00:00:00.000	2014-06-30 00:00:00.000	\N
833	ML Road Frame-W - Yellow, 40	FR-R72Y-40	360.9428	594.83	40	2.22	18	ML Road Frame-W	2013-07-01 00:00:00.000	\N	\N
834	ML Road Frame-W - Yellow, 42	FR-R72Y-42	360.9428	594.83	42	2.26	18	ML Road Frame-W	2013-07-01 00:00:00.000	\N	\N
835	ML Road Frame-W - Yellow, 44	FR-R72Y-44	360.9428	594.83	44	2.30	18	ML Road Frame-W	2013-07-01 00:00:00.000	\N	\N
836	ML Road Frame-W - Yellow, 48	FR-R72Y-48	360.9428	594.83	48	2.34	18	ML Road Frame-W	2013-07-01 00:00:00.000	\N	\N
837	HL Road Frame - Black, 62	FR-R92B-62	868.6342	1431.50	62	2.30	18	HL Road Frame	2013-07-01 00:00:00.000	\N	\N
838	HL Road Frame - Black, 44	FR-R92B-44	868.6342	1431.50	44	2.12	18	HL Road Frame	2013-07-01 00:00:00.000	\N	\N
839	HL Road Frame - Black, 48	FR-R92B-48	868.6342	1431.50	48	2.16	18	HL Road Frame	2013-07-01 00:00:00.000	\N	\N
840	HL Road Frame - Black, 52	FR-R92B-52	868.6342	1431.50	52	2.20	18	HL Road Frame	2013-07-01 00:00:00.000	\N	\N
841	Men's Sports Shorts, S	SH-M897-S	24.7459	59.99	S	\N	26	Men's Sports Shorts	2013-07-01 00:00:00.000	2014-06-30 00:00:00.000	\N
842	Touring-Panniers, Large	PA-T100	51.5625	125.00	\N	\N	39	Touring-Panniers	2013-07-01 00:00:00.000	2014-06-30 00:00:00.000	\N
843	Cable Lock	LO-C100	10.3125	25.00	\N	\N	38	Cable Lock	2013-07-01 00:00:00.000	2014-06-30 00:00:00.000	\N
844	Minipump	PU-0452	8.2459	19.99	\N	\N	40	Minipump	2013-07-01 00:00:00.000	2014-06-30 00:00:00.000	\N
845	Mountain Pump	PU-M044	10.3084	24.99	\N	\N	40	Mountain Pump	2013-07-01 00:00:00.000	2014-06-30 00:00:00.000	\N
846	Taillights - Battery-Powered	LT-T990	5.7709	13.99	\N	\N	37	Taillight	2013-07-01 00:00:00.000	2014-06-30 00:00:00.000	\N
847	Headlights - Dual-Beam	LT-H902	14.4334	34.99	\N	\N	37	Headlights - Dual-Beam	2013-07-01 00:00:00.000	2014-06-30 00:00:00.000	\N
848	Headlights - Weatherproof	LT-H903	18.5584	44.99	\N	\N	37	Headlights - Weatherproof	2013-07-01 00:00:00.000	2014-06-30 00:00:00.000	\N
849	Men's Sports Shorts, M	SH-M897-M	24.7459	59.99	M	\N	26	Men's Sports Shorts	2013-07-01 00:00:00.000	2014-06-30 00:00:00.000	\N
850	Men's Sports Shorts, L	SH-M897-L	24.7459	59.99	L	\N	26	Men's Sports Shorts	2013-07-01 00:00:00.000	2014-06-30 00:00:00.000	\N
851	Men's Sports Shorts, XL	SH-M897-X	24.7459	59.99	XL	\N	26	Men's Sports Shorts	2013-07-01 00:00:00.000	2014-06-30 00:00:00.000	\N
852	Women's Tights, S	TG-W091-S	30.9334	74.99	S	\N	28	Women's Tights	2013-07-01 00:00:00.000	2014-06-30 00:00:00.000	\N
853	Women's Tights, M	TG-W091-M	30.9334	74.99	M	\N	28	Women's Tights	2013-07-01 00:00:00.000	2014-06-30 00:00:00.000	\N
854	Women's Tights, L	TG-W091-L	30.9334	74.99	L	\N	28	Women's Tights	2013-07-01 00:00:00.000	2014-06-30 00:00:00.000	\N
855	Men's Bib-Shorts, S	SB-M891-S	37.1209	89.99	S	\N	22	Men's Bib-Shorts	2013-07-01 00:00:00.000	2014-06-30 00:00:00.000	\N
856	Men's Bib-Shorts, M	SB-M891-M	37.1209	89.99	M	\N	22	Men's Bib-Shorts	2013-07-01 00:00:00.000	2014-06-30 00:00:00.000	\N
857	Men's Bib-Shorts, L	SB-M891-L	37.1209	89.99	L	\N	22	Men's Bib-Shorts	2013-07-01 00:00:00.000	2014-06-30 00:00:00.000	\N
858	Half-Finger Gloves, S	GL-H102-S	9.1593	24.49	S	\N	24	Half-Finger Gloves	2013-07-01 00:00:00.000	\N	\N
859	Half-Finger Gloves, M	GL-H102-M	9.1593	24.49	M	\N	24	Half-Finger Gloves	2013-07-01 00:00:00.000	\N	\N
860	Half-Finger Gloves, L	GL-H102-L	9.1593	24.49	L	\N	24	Half-Finger Gloves	2013-07-01 00:00:00.000	\N	\N
861	Full-Finger Gloves, S	GL-F110-S	15.6709	37.99	S	\N	24	Full-Finger Gloves	2013-07-01 00:00:00.000	2014-06-30 00:00:00.000	\N
862	Full-Finger Gloves, M	GL-F110-M	15.6709	37.99	M	\N	24	Full-Finger Gloves	2013-07-01 00:00:00.000	2014-06-30 00:00:00.000	\N
863	Full-Finger Gloves, L	GL-F110-L	15.6709	37.99	L	\N	24	Full-Finger Gloves	2013-07-01 00:00:00.000	2014-06-30 00:00:00.000	\N
864	Classic Vest, S	VE-C304-S	23.749	63.50	S	\N	29	Classic Vest	2014-07-01 00:00:00.000	\N	\N
865	Classic Vest, M	VE-C304-M	23.749	63.50	M	\N	29	Classic Vest	2014-07-01 00:00:00.000	\N	\N
866	Classic Vest, L	VE-C304-L	23.749	63.50	L	\N	29	Classic Vest	2014-07-01 00:00:00.000	\N	\N
867	Women's Mountain Shorts, S	SH-W890-S	26.1763	69.99	S	\N	26	Women's Mountain Shorts	2014-07-01 00:00:00.000	\N	\N
868	Women's Mountain Shorts, M	SH-W890-M	26.1763	69.99	M	\N	26	Women's Mountain Shorts	2014-07-01 00:00:00.000	\N	\N
869	Women's Mountain Shorts, L	SH-W890-L	26.1763	69.99	L	\N	26	Women's Mountain Shorts	2014-07-01 00:00:00.000	\N	\N
870	Water Bottle - 30 oz.	WB-H098	1.8663	4.99	\N	\N	32	Water Bottle	2014-07-01 00:00:00.000	\N	\N
871	Mountain Bottle Cage	BC-M005	3.7363	9.99	\N	\N	32	Mountain Bottle Cage	2014-07-01 00:00:00.000	\N	\N
872	Road Bottle Cage	BC-R205	3.3623	8.99	\N	\N	32	Road Bottle Cage	2014-07-01 00:00:00.000	\N	\N
873	Patch Kit/8 Patches	PK-7098	0.8565	2.29	\N	\N	41	Patch kit	2014-07-01 00:00:00.000	\N	\N
874	Racing Socks, M	SO-R809-M	3.3623	8.99	M	\N	27	Racing Socks	2014-07-01 00:00:00.000	\N	\N
875	Racing Socks, L	SO-R809-L	3.3623	8.99	L	\N	27	Racing Socks	2014-07-01 00:00:00.000	\N	\N
876	Hitch Rack - 4-Bike	RA-H123	44.88	120.00	\N	\N	30	Hitch Rack - 4-Bike	2014-07-01 00:00:00.000	\N	\N
877	Bike Wash - Dissolver	CL-9009	2.9733	7.95	\N	\N	33	Bike Wash	2014-07-01 00:00:00.000	\N	\N
878	Fender Set - Mountain	FE-6654	8.2205	21.98	\N	\N	34	Fender Set - Mountain	2014-07-01 00:00:00.000	\N	\N
879	All-Purpose Bike Stand	ST-1401	59.466	159.00	\N	\N	31	All-Purpose Bike Stand	2014-07-01 00:00:00.000	\N	\N
880	Hydration Pack - 70 oz.	HY-1023-70	20.5663	54.99	70	\N	36	Hydration Pack	2014-07-01 00:00:00.000	\N	\N
881	Short-Sleeve Classic Jersey, S	SJ-0194-S	41.5723	53.99	S	\N	25	Short-Sleeve Classic Jersey	2014-07-01 00:00:00.000	\N	\N
882	Short-Sleeve Classic Jersey, M	SJ-0194-M	41.5723	53.99	M	\N	25	Short-Sleeve Classic Jersey	2014-07-01 00:00:00.000	\N	\N
883	Short-Sleeve Classic Jersey, L	SJ-0194-L	41.5723	53.99	L	\N	25	Short-Sleeve Classic Jersey	2014-07-01 00:00:00.000	\N	\N
884	Short-Sleeve Classic Jersey, XL	SJ-0194-X	41.5723	53.99	XL	\N	25	Short-Sleeve Classic Jersey	2014-07-01 00:00:00.000	\N	\N
885	HL Touring Frame - Yellow, 60	FR-T98Y-60	601.7437	1003.91	60	3.08	20	HL Touring Frame	2014-07-01 00:00:00.000	\N	\N
886	LL Touring Frame - Yellow, 62	FR-T67Y-62	199.8519	333.42	62	3.20	20	LL Touring Frame	2014-07-01 00:00:00.000	\N	\N
887	HL Touring Frame - Yellow, 46	FR-T98Y-46	601.7437	1003.91	46	2.96	20	HL Touring Frame	2014-07-01 00:00:00.000	\N	\N
888	HL Touring Frame - Yellow, 50	FR-T98Y-50	601.7437	1003.91	50	3.00	20	HL Touring Frame	2014-07-01 00:00:00.000	\N	\N
889	HL Touring Frame - Yellow, 54	FR-T98Y-54	601.7437	1003.91	54	3.04	20	HL Touring Frame	2014-07-01 00:00:00.000	\N	\N
890	HL Touring Frame - Blue, 46	FR-T98U-46	601.7437	1003.91	46	2.96	20	HL Touring Frame	2014-07-01 00:00:00.000	\N	\N
891	HL Touring Frame - Blue, 50	FR-T98U-50	601.7437	1003.91	50	3.00	20	HL Touring Frame	2014-07-01 00:00:00.000	\N	\N
892	HL Touring Frame - Blue, 54	FR-T98U-54	601.7437	1003.91	54	3.04	20	HL Touring Frame	2014-07-01 00:00:00.000	\N	\N
893	HL Touring Frame - Blue, 60	FR-T98U-60	601.7437	1003.91	60	3.08	20	HL Touring Frame	2014-07-01 00:00:00.000	\N	\N
894	Rear Derailleur	RD-2308	53.9282	121.46	\N	215.00	13	Rear Derailleur	2014-07-01 00:00:00.000	\N	\N
895	LL Touring Frame - Blue, 50	FR-T67U-50	199.8519	333.42	50	3.10	20	LL Touring Frame	2014-07-01 00:00:00.000	\N	\N
896	LL Touring Frame - Blue, 54	FR-T67U-54	199.8519	333.42	54	3.14	20	LL Touring Frame	2014-07-01 00:00:00.000	\N	\N
897	LL Touring Frame - Blue, 58	FR-T67U-58	199.8519	333.42	58	3.16	20	LL Touring Frame	2014-07-01 00:00:00.000	\N	\N
898	LL Touring Frame - Blue, 62	FR-T67U-62	199.8519	333.42	62	3.20	20	LL Touring Frame	2014-07-01 00:00:00.000	\N	\N
899	LL Touring Frame - Yellow, 44	FR-T67Y-44	199.8519	333.42	44	3.02	20	LL Touring Frame	2014-07-01 00:00:00.000	\N	\N
900	LL Touring Frame - Yellow, 50	FR-T67Y-50	199.8519	333.42	50	3.10	20	LL Touring Frame	2014-07-01 00:00:00.000	\N	\N
901	LL Touring Frame - Yellow, 54	FR-T67Y-54	199.8519	333.42	54	3.14	20	LL Touring Frame	2014-07-01 00:00:00.000	\N	\N
902	LL Touring Frame - Yellow, 58	FR-T67Y-58	199.8519	333.42	58	3.16	20	LL Touring Frame	2014-07-01 00:00:00.000	\N	\N
903	LL Touring Frame - Blue, 44	FR-T67U-44	199.8519	333.42	44	3.02	20	LL Touring Frame	2014-07-01 00:00:00.000	\N	\N
904	ML Mountain Frame-W - Silver, 40	FR-M63S-40	199.3757	364.09	40	2.77	16	ML Mountain Frame-W	2014-07-01 00:00:00.000	\N	\N
905	ML Mountain Frame-W - Silver, 42	FR-M63S-42	199.3757	364.09	42	2.81	16	ML Mountain Frame-W	2014-07-01 00:00:00.000	\N	\N
906	ML Mountain Frame-W - Silver, 46	FR-M63S-46	199.3757	364.09	46	2.85	16	ML Mountain Frame-W	2014-07-01 00:00:00.000	\N	\N
907	Rear Brakes	RB-9231	47.286	106.50	\N	317.00	10	Rear Brakes	2014-07-01 00:00:00.000	\N	\N
908	LL Mountain Seat/Saddle	SE-M236	12.0413	27.12	\N	\N	19	LL Mountain Seat/Saddle 2	2014-07-01 00:00:00.000	\N	\N
909	ML Mountain Seat/Saddle	SE-M798	17.3782	39.14	\N	\N	19	ML Mountain Seat/Saddle 2	2014-07-01 00:00:00.000	\N	\N
910	HL Mountain Seat/Saddle	SE-M940	23.3722	52.64	\N	\N	19	HL Mountain Seat/Saddle 2	2014-07-01 00:00:00.000	\N	\N
911	LL Road Seat/Saddle	SE-R581	12.0413	27.12	\N	\N	19	LL Road Seat/Saddle 1	2014-07-01 00:00:00.000	\N	\N
912	ML Road Seat/Saddle	SE-R908	17.3782	39.14	\N	\N	19	ML Road Seat/Saddle 2	2014-07-01 00:00:00.000	\N	\N
913	HL Road Seat/Saddle	SE-R995	23.3722	52.64	\N	\N	19	HL Road Seat/Saddle 2	2014-07-01 00:00:00.000	\N	\N
914	LL Touring Seat/Saddle	SE-T312	12.0413	27.12	\N	\N	19	LL Touring Seat/Saddle	2014-07-01 00:00:00.000	\N	\N
915	ML Touring Seat/Saddle	SE-T762	17.3782	39.14	\N	\N	19	ML Touring Seat/Saddle	2014-07-01 00:00:00.000	\N	\N
916	HL Touring Seat/Saddle	SE-T924	23.3722	52.64	\N	\N	19	HL Touring Seat/Saddle	2014-07-01 00:00:00.000	\N	\N
917	LL Mountain Frame - Silver, 42	FR-M21S-42	144.5938	264.05	42	2.92	16	LL Mountain Frame	2014-07-01 00:00:00.000	\N	\N
918	LL Mountain Frame - Silver, 44	FR-M21S-44	144.5938	264.05	44	2.96	16	LL Mountain Frame	2014-07-01 00:00:00.000	\N	\N
919	LL Mountain Frame - Silver, 48	FR-M21S-48	144.5938	264.05	48	3.00	16	LL Mountain Frame	2014-07-01 00:00:00.000	\N	\N
920	LL Mountain Frame - Silver, 52	FR-M21S-52	144.5938	264.05	52	3.04	16	LL Mountain Frame	2014-07-01 00:00:00.000	\N	\N
921	Mountain Tire Tube	TT-M928	1.8663	4.99	\N	\N	41	Mountain Tire Tube	2014-07-01 00:00:00.000	\N	\N
922	Road Tire Tube	TT-R982	1.4923	3.99	\N	\N	41	Road Tire Tube	2014-07-01 00:00:00.000	\N	\N
923	Touring Tire Tube	TT-T092	1.8663	4.99	\N	\N	41	Touring Tire Tube	2014-07-01 00:00:00.000	\N	\N
924	LL Mountain Frame - Black, 42	FR-M21B-42	136.785	249.79	42	2.92	16	LL Mountain Frame	2014-07-01 00:00:00.000	\N	\N
925	LL Mountain Frame - Black, 44	FR-M21B-44	136.785	249.79	44	2.96	16	LL Mountain Frame	2014-07-01 00:00:00.000	\N	\N
926	LL Mountain Frame - Black, 48	FR-M21B-48	136.785	249.79	48	3.00	16	LL Mountain Frame	2014-07-01 00:00:00.000	\N	\N
927	LL Mountain Frame - Black, 52	FR-M21B-52	136.785	249.79	52	3.04	16	LL Mountain Frame	2014-07-01 00:00:00.000	\N	\N
928	LL Mountain Tire	TI-M267	9.3463	24.99	\N	\N	41	LL Mountain Tire	2014-07-01 00:00:00.000	\N	\N
929	ML Mountain Tire	TI-M602	11.2163	29.99	\N	\N	41	ML Mountain Tire	2014-07-01 00:00:00.000	\N	\N
930	HL Mountain Tire	TI-M823	13.09	35.00	\N	\N	41	HL Mountain Tire	2014-07-01 00:00:00.000	\N	\N
931	LL Road Tire	TI-R092	8.0373	21.49	\N	\N	41	LL Road Tire	2014-07-01 00:00:00.000	\N	\N
932	ML Road Tire	TI-R628	9.3463	24.99	\N	\N	41	ML Road Tire	2014-07-01 00:00:00.000	\N	\N
933	HL Road Tire	TI-R982	12.1924	32.60	\N	\N	41	HL Road Tire	2014-07-01 00:00:00.000	\N	\N
934	Touring Tire	TI-T723	10.8423	28.99	\N	\N	41	Touring Tire	2014-07-01 00:00:00.000	\N	\N
935	LL Mountain Pedal	PD-M282	17.9776	40.49	\N	218.00	17	LL Mountain Pedal	2014-07-01 00:00:00.000	\N	\N
936	ML Mountain Pedal	PD-M340	27.568	62.09	\N	215.00	17	ML Mountain Pedal	2014-07-01 00:00:00.000	\N	\N
937	HL Mountain Pedal	PD-M562	35.9596	80.99	\N	185.00	17	HL Mountain Pedal	2014-07-01 00:00:00.000	\N	\N
938	LL Road Pedal	PD-R347	17.9776	40.49	\N	189.00	17	LL Road Pedal	2014-07-01 00:00:00.000	\N	\N
939	ML Road Pedal	PD-R563	27.568	62.09	\N	168.00	17	ML Road Pedal	2014-07-01 00:00:00.000	\N	\N
940	HL Road Pedal	PD-R853	35.9596	80.99	\N	149.00	17	HL Road Pedal	2014-07-01 00:00:00.000	\N	\N
941	Touring Pedal	PD-T852	35.9596	80.99	\N	\N	17	Touring Pedal	2014-07-01 00:00:00.000	\N	\N
942	ML Mountain Frame-W - Silver, 38	FR-M63S-38	199.3757	364.09	38	2.73	16	ML Mountain Frame-W	2014-07-01 00:00:00.000	\N	\N
943	LL Mountain Frame - Black, 40	FR-M21B-40	136.785	249.79	40	2.88	16	LL Mountain Frame	2014-07-01 00:00:00.000	\N	\N
944	LL Mountain Frame - Silver, 40	FR-M21S-40	144.5938	264.05	40	2.88	16	LL Mountain Frame	2014-07-01 00:00:00.000	\N	\N
945	Front Derailleur	FD-2342	40.6216	91.49	\N	88.00	13	Front Derailleur	2014-07-01 00:00:00.000	\N	\N
946	LL Touring Handlebars	HB-T721	20.464	46.09	\N	\N	8	LL Touring Handlebars	2014-07-01 00:00:00.000	\N	\N
947	HL Touring Handlebars	HB-T928	40.6571	91.57	\N	\N	8	HL Touring Handlebars	2014-07-01 00:00:00.000	\N	\N
948	Front Brakes	FB-9873	47.286	106.50	\N	317.00	10	Front Brakes	2014-07-01 00:00:00.000	\N	\N
949	LL Crankset	CS-4759	77.9176	175.49	\N	600.00	12	LL Crankset	2014-07-01 00:00:00.000	\N	\N
950	ML Crankset	CS-6583	113.8816	256.49	\N	635.00	12	ML Crankset	2014-07-01 00:00:00.000	\N	\N
951	HL Crankset	CS-9183	179.8156	404.99	\N	575.00	12	HL Crankset	2014-07-01 00:00:00.000	\N	\N
952	Chain	CH-0234	8.9866	20.24	\N	\N	11	Chain	2014-07-01 00:00:00.000	\N	\N
953	Touring-2000 Blue, 60	BK-T44U-60	755.1508	1214.85	60	27.90	7	Touring-2000	2014-07-01 00:00:00.000	\N	\N
954	Touring-1000 Yellow, 46	BK-T79Y-46	1481.9379	2384.07	46	25.13	7	Touring-1000	2014-07-01 00:00:00.000	\N	\N
955	Touring-1000 Yellow, 50	BK-T79Y-50	1481.9379	2384.07	50	25.42	7	Touring-1000	2014-07-01 00:00:00.000	\N	\N
956	Touring-1000 Yellow, 54	BK-T79Y-54	1481.9379	2384.07	54	25.68	7	Touring-1000	2014-07-01 00:00:00.000	\N	\N
957	Touring-1000 Yellow, 60	BK-T79Y-60	1481.9379	2384.07	60	25.90	7	Touring-1000	2014-07-01 00:00:00.000	\N	\N
958	Touring-3000 Blue, 54	BK-T18U-54	461.4448	742.35	54	29.68	7	Touring-3000	2014-07-01 00:00:00.000	\N	\N
959	Touring-3000 Blue, 58	BK-T18U-58	461.4448	742.35	58	29.90	7	Touring-3000	2014-07-01 00:00:00.000	\N	\N
960	Touring-3000 Blue, 62	BK-T18U-62	461.4448	742.35	62	30.00	7	Touring-3000	2014-07-01 00:00:00.000	\N	\N
961	Touring-3000 Yellow, 44	BK-T18Y-44	461.4448	742.35	44	28.77	7	Touring-3000	2014-07-01 00:00:00.000	\N	\N
962	Touring-3000 Yellow, 50	BK-T18Y-50	461.4448	742.35	50	29.13	7	Touring-3000	2014-07-01 00:00:00.000	\N	\N
963	Touring-3000 Yellow, 54	BK-T18Y-54	461.4448	742.35	54	29.42	7	Touring-3000	2014-07-01 00:00:00.000	\N	\N
964	Touring-3000 Yellow, 58	BK-T18Y-58	461.4448	742.35	58	29.79	7	Touring-3000	2014-07-01 00:00:00.000	\N	\N
965	Touring-3000 Yellow, 62	BK-T18Y-62	461.4448	742.35	62	30.00	7	Touring-3000	2014-07-01 00:00:00.000	\N	\N
966	Touring-1000 Blue, 46	BK-T79U-46	1481.9379	2384.07	46	25.13	7	Touring-1000	2014-07-01 00:00:00.000	\N	\N
967	Touring-1000 Blue, 50	BK-T79U-50	1481.9379	2384.07	50	25.42	7	Touring-1000	2014-07-01 00:00:00.000	\N	\N
968	Touring-1000 Blue, 54	BK-T79U-54	1481.9379	2384.07	54	25.68	7	Touring-1000	2014-07-01 00:00:00.000	\N	\N
969	Touring-1000 Blue, 60	BK-T79U-60	1481.9379	2384.07	60	25.90	7	Touring-1000	2014-07-01 00:00:00.000	\N	\N
970	Touring-2000 Blue, 46	BK-T44U-46	755.1508	1214.85	46	27.13	7	Touring-2000	2014-07-01 00:00:00.000	\N	\N
971	Touring-2000 Blue, 50	BK-T44U-50	755.1508	1214.85	50	27.42	7	Touring-2000	2014-07-01 00:00:00.000	\N	\N
972	Touring-2000 Blue, 54	BK-T44U-54	755.1508	1214.85	54	27.68	7	Touring-2000	2014-07-01 00:00:00.000	\N	\N
973	Road-350-W Yellow, 40	BK-R79Y-40	1082.51	1700.99	40	15.35	6	Road-350-W	2014-07-01 00:00:00.000	\N	\N
974	Road-350-W Yellow, 42	BK-R79Y-42	1082.51	1700.99	42	15.77	6	Road-350-W	2014-07-01 00:00:00.000	\N	\N
975	Road-350-W Yellow, 44	BK-R79Y-44	1082.51	1700.99	44	16.13	6	Road-350-W	2014-07-01 00:00:00.000	\N	\N
976	Road-350-W Yellow, 48	BK-R79Y-48	1082.51	1700.99	48	16.42	6	Road-350-W	2014-07-01 00:00:00.000	\N	\N
977	Road-750 Black, 58	BK-R19B-58	343.6496	539.99	58	20.79	6	Road-750	2014-07-01 00:00:00.000	\N	\N
978	Touring-3000 Blue, 44	BK-T18U-44	461.4448	742.35	44	28.77	7	Touring-3000	2014-07-01 00:00:00.000	\N	\N
979	Touring-3000 Blue, 50	BK-T18U-50	461.4448	742.35	50	29.13	7	Touring-3000	2014-07-01 00:00:00.000	\N	\N
980	Mountain-400-W Silver, 38	BK-M38S-38	419.7784	769.49	38	26.35	5	Mountain-400-W	2014-07-01 00:00:00.000	\N	\N
981	Mountain-400-W Silver, 40	BK-M38S-40	419.7784	769.49	40	26.77	5	Mountain-400-W	2014-07-01 00:00:00.000	\N	\N
982	Mountain-400-W Silver, 42	BK-M38S-42	419.7784	769.49	42	27.13	5	Mountain-400-W	2014-07-01 00:00:00.000	\N	\N
983	Mountain-400-W Silver, 46	BK-M38S-46	419.7784	769.49	46	27.42	5	Mountain-400-W	2014-07-01 00:00:00.000	\N	\N
984	Mountain-500 Silver, 40	BK-M18S-40	308.2179	564.99	40	27.35	5	Mountain-500	2014-07-01 00:00:00.000	\N	\N
985	Mountain-500 Silver, 42	BK-M18S-42	308.2179	564.99	42	27.77	5	Mountain-500	2014-07-01 00:00:00.000	\N	\N
986	Mountain-500 Silver, 44	BK-M18S-44	308.2179	564.99	44	28.13	5	Mountain-500	2014-07-01 00:00:00.000	\N	\N
987	Mountain-500 Silver, 48	BK-M18S-48	308.2179	564.99	48	28.42	5	Mountain-500	2014-07-01 00:00:00.000	\N	\N
988	Mountain-500 Silver, 52	BK-M18S-52	308.2179	564.99	52	28.68	5	Mountain-500	2014-07-01 00:00:00.000	\N	\N
989	Mountain-500 Black, 40	BK-M18B-40	294.5797	539.99	40	27.35	5	Mountain-500	2014-07-01 00:00:00.000	\N	\N
990	Mountain-500 Black, 42	BK-M18B-42	294.5797	539.99	42	27.77	5	Mountain-500	2014-07-01 00:00:00.000	\N	\N
991	Mountain-500 Black, 44	BK-M18B-44	294.5797	539.99	44	28.13	5	Mountain-500	2014-07-01 00:00:00.000	\N	\N
992	Mountain-500 Black, 48	BK-M18B-48	294.5797	539.99	48	28.42	5	Mountain-500	2014-07-01 00:00:00.000	\N	\N
993	Mountain-500 Black, 52	BK-M18B-52	294.5797	539.99	52	28.68	5	Mountain-500	2014-07-01 00:00:00.000	\N	\N
994	LL Bottom Bracket	BB-7421	23.9716	53.99	\N	223.00	9	LL Bottom Bracket	2014-07-01 00:00:00.000	\N	\N
995	ML Bottom Bracket	BB-8107	44.9506	101.24	\N	168.00	9	ML Bottom Bracket	2014-07-01 00:00:00.000	\N	\N
996	HL Bottom Bracket	BB-9108	53.9416	121.49	\N	170.00	9	HL Bottom Bracket	2014-07-01 00:00:00.000	\N	\N
997	Road-750 Black, 44	BK-R19B-44	343.6496	539.99	44	19.77	6	Road-750	2014-07-01 00:00:00.000	\N	\N
998	Road-750 Black, 48	BK-R19B-48	343.6496	539.99	48	20.13	6	Road-750	2014-07-01 00:00:00.000	\N	\N
999	Road-750 Black, 52	BK-R19B-52	343.6496	539.99	52	20.42	6	Road-750	2014-07-01 00:00:00.000	\N	\N
